app,owner,branch,containers
app-freesurfer,brainlife,master,docker://brainlife/freesurfer:7.3.2
app-freesurfer,brainlife,1.1,docker://brainlife/freesurfer:6.0.0
app-freesurfer,brainlife,1.2,docker://brainlife/freesurfer_on_mcr:6.0.0
app-freesurfer,brainlife,1.3,docker://brainlife/freesurfer_on_mcr:6.0.2
app-freesurfer,brainlife,1.3,docker://brainlife/freesurfer:6.0.0
app-freesurfer,brainlife,1.3,docker://brainlife/docker-pythonvtk
app-freesurfer,brainlife,1.4,docker://brainlife/freesurfer_on_mcr:6.0.2
app-freesurfer,brainlife,1.5,docker://brainlife/freesurfer_on_mcr:6.0.2
app-freesurfer,brainlife,1.6,docker://brainlife/freesurfer_on_mcr:6.0.2
app-freesurfer,brainlife,1.7,docker://brainlife/freesurfer_on_mcr:6.0.0
app-freesurfer,brainlife,1.7,docker://brainlife/freesurfer:6.0.1
app-freesurfer,brainlife,1.7,docker://brainlife/freesurfer:dev
app-freesurfer,brainlife,1.8,docker://brainlife/freesurfer_on_mcr:6.0.0
app-freesurfer,brainlife,1.8,docker://brainlife/freesurfer:6.0.1
app-freesurfer,brainlife,1.8,docker://brainlife/freesurfer:7.0.0
app-freesurfer,brainlife,1.8,docker://brainlife/freesurfer:dev
app-freesurfer,brainlife,1.9,docker://brainlife/freesurfer_on_mcr:6.0.0
app-freesurfer,brainlife,1.9,docker://brainlife/freesurfer:6.0.1
app-freesurfer,brainlife,1.9,docker://brainlife/freesurfer:7.0.0
app-freesurfer,brainlife,1.9,docker://brainlife/freesurfer:7.1.0
app-freesurfer,brainlife,1.9,docker://brainlife/freesurfer:dev
app-freesurfer,brainlife,1.10,docker://brainlife/freesurfer_on_mcr:6.0.0
app-freesurfer,brainlife,1.10,docker://brainlife/freesurfer:6.0.1
app-freesurfer,brainlife,1.10,docker://brainlife/freesurfer:7.0.0
app-freesurfer,brainlife,1.10,docker://brainlife/freesurfer:7.1.0
app-freesurfer,brainlife,1.10,docker://brainlife/freesurfer:dev
app-freesurfer,brainlife,1.11,docker://brainlife/freesurfer_on_mcr:6.0.0
app-freesurfer,brainlife,1.11,docker://brainlife/freesurfer:6.0.1
app-freesurfer,brainlife,1.11,docker://brainlife/freesurfer:7.0.0
app-freesurfer,brainlife,1.11,docker://brainlife/freesurfer:7.1.0
app-freesurfer,brainlife,1.11,docker://brainlife/freesurfer:dev
app-freesurfer,brainlife,1.12,docker://brainlife/freesurfer_on_mcr:6.0.0
app-freesurfer,brainlife,1.12,docker://brainlife/freesurfer:6.0.1
app-freesurfer,brainlife,1.12,docker://brainlife/freesurfer:7.0.0
app-freesurfer,brainlife,1.12,docker://brainlife/freesurfer:7.1.0
app-freesurfer,brainlife,1.12,docker://brainlife/freesurfer:dev
app-freesurfer,brainlife,7.1.1-1,docker://brainlife/freesurfer:7.1.1
app-freesurfer,brainlife,7.1.1,docker://brainlife/freesurfer:7.1.1
app-freesurfer,brainlife,7.3.2,docker://brainlife/freesurfer:7.3.2
app-multiAtlasTT,faskowit,master,docker://faskowit/app-multiatlastt:0.0.8
app-multiAtlasTT,faskowit,0.0.1,docker://faskowit/app-multiatlastt:0.0.2
app-multiAtlasTT,faskowit,0.0.2,docker://faskowit/app-multiatlastt
app-multiAtlasTT,faskowit,0.0.3,docker://faskowit/app-multiatlastt:0.0.2
app-multiAtlasTT,faskowit,0.0.4,docker://faskowit/app-multiatlastt:0.0.2
app-multiAtlasTT,faskowit,0.0.5,docker://faskowit/app-multiatlastt:0.0.5
app-multiAtlasTT,faskowit,0.0.6,docker://faskowit/app-multiatlastt:0.0.5
app-multiAtlasTT,faskowit,0.0.7,docker://faskowit/app-multiatlastt:0.0.5
app-multiAtlasTT,faskowit,0.0.8,docker://faskowit/app-multiatlastt:0.0.8
app-multiAtlasTT,faskowit,0.0.9,docker://faskowit/app-multiatlastt:0.0.8
app-freesurfer-stats,brainlife,master,docker://brainlife/freesurfer-stats:1.2
app-freesurfer-stats,brainlife,freesurfer5-v1.1,docker://brainlife/freesurfer-mini:6.0.1
app-freesurfer-stats,brainlife,freesurfer5-v1.1,docker://brainlife/mcr:r2019a
app-freesurfer-stats,brainlife,freesurfer5-v1.1,docker://brainlife/freesurfer-stats:1.2
app-freesurfer-stats,brainlife,freesurfer-stats-diffusion-v1.0,docker://brainlife/freesurfer:6.0.0
app-freesurfer-stats,brainlife,freesurfer-stats-diffusion-v1.0,docker://brainlife/freesurfer-stats:1.2
app-freesurfer-stats,brainlife,freesurfer-stats-diffusion-v1.0,docker://brainlife/fsl:5.0.9
app-freesurfer-stats,brainlife,outlier-coords-v1.0,docker://brainlife/freesurfer-mini:6.0.1
app-freesurfer-stats,brainlife,outlier-coords-v1.0,docker://brainlife/mcr:r2019a
app-freesurfer-stats,brainlife,outlier-coords-v1.0,docker://brainlife/freesurfer-stats:1.2
app-freesurfer-stats,brainlife,parc-stats-surface-v1.0,docker://brainlife/freesufer-stats:1.2
app-freesurfer-stats,brainlife,parc-stats-surface-v1.0,docker://brainlife/freesurfer:6.0.0
app-freesurfer-stats,brainlife,parc-stats-v1.0,docker://brainlife/mcr:2019a
app-freesurfer-stats,brainlife,parc-stats-v1.1,docker://brainlife/mcr:2019a
app-freesurfer-stats,brainlife,parc-stats-v1.1,docker://brainlife/freesurfer-stats:1.2
app-freesurfer-stats,brainlife,parc-stats-v1.1,docker://brainlife/freesurfer:6.0.0
app-freesurfer-stats,brainlife,parc-stats-v1.2,docker://brainlife/mcr:2019a
app-freesurfer-stats,brainlife,parc-stats-v1.2,docker://brainlife/freesurfer-stats:1.2
app-freesurfer-stats,brainlife,parc-stats-v1.2,docker://brainlife/freesurfer:6.0.0
app-freesurfer-stats,brainlife,parc-stats-volume-diffusion-v1.0,docker://brainlife/mcr:2019a
app-freesurfer-stats,brainlife,parc-stats-volume-diffusion-v1.0,docker://brainlife/freesurfer-stats:1.2
app-freesurfer-stats,brainlife,parc-stats-volume-diffusion-v1.0,docker://brainlife/freesurfer:6.0.0
app-freesurfer-stats,brainlife,parc-stats-volume-diffusion-v1.0,docker://brainlife/fsl:5.0.9
app-freesurfer-stats,brainlife,parc-stats-volume-v1.0,docker://brainlife/mcr:2019a
app-freesurfer-stats,brainlife,parc-stats-volume-v1.0,docker://brainlife/freesurfer-stats:1.2
app-freesurfer-stats,brainlife,parc-stats-volume-v1.0,docker://brainlife/freesurfer:6.0.0
app-freesurfer-stats,brainlife,subcort-stats-v1.0,docker://brainlife/fsl:5.0.9
app-freesurfer-stats,brainlife,subcort-stats-v1.0,docker://brainlife/freesurfer:6.0.0
app-freesurfer-stats,brainlife,subcort-stats-v1.0,docker://brainlife/freesurfer-stats:1.2
app-freesurfer-stats,brainlife,updated-parc-stats-surface-v1.0,docker://brainlife/freesurfer-stats:1.2
app-freesurfer-stats,brainlife,updated-parc-stats-surface-v1.0,docker://brainlife/freesurfer:6.0.0
app-freesurfer-stats,brainlife,v1.0,docker://brainlife/freesurfer-stats:1.2
app-freesurfer-stats,brainlife,v1.1,docker://brainlife/freesurfer-stats:1.2
app-freesurfer-stats,brainlife,v1.1,docker://brainlife/freesurfer-mini:6.0.1
app-freesurfer-stats,brainlife,v1.1,docker://brainlife/mcr:r2019a
app-freesurfer-stats,brainlife,v1.2,docker://brainlife/freesurfer-stats:1.2
app-freesurfer-stats,brainlife,v1.2,docker://brainlife/freesurfer-mini:6.0.1
app-freesurfer-stats,brainlife,v1.2,docker://brainlife/mcr:r2019a
app-freesurfer-stats,brainlife,v1.3,docker://brainlife/freesurfer-stats:1.2
app-freesurfer-stats,brainlife,v1.3,docker://brainlife/freesurfer-mini:6.0.1
app-freesurfer-stats,brainlife,v1.3,docker://brainlife/mcr:r2019a
app-freesurfer-stats,brainlife,v1.4,docker://brainlife/freesurfer-stats:1.2
app-freesurfer-stats,brainlife,v1.4,docker://brainlife/freesurfer-mini:6.0.1
app-freesurfer-stats,brainlife,v1.4,docker://brainlife/mcr:r2019a
app-hcp-acpc-alignment,brainlife,master,docker://brainlife/fsl:5.0.9
app-hcp-acpc-alignment,brainlife,1.0,docker://brainlife/fsl:5.0.9
app-hcp-acpc-alignment,brainlife,1.1,docker://brainlife/fsl:5.0.9
app-hcp-acpc-alignment,brainlife,1.2,docker://brainlife/fsl:5.0.9
app-hcp-acpc-alignment,brainlife,1.3,docker://brainlife/fsl:5.0.9
app-hcp-acpc-alignment,brainlife,1.4,docker://brainlife/fsl:5.0.9
app-hcp-acpc-alignment,brainlife,mp2rage-v1.4,docker://brainlife/fsl:5.0.9
app-hcp-acpc-alignment,brainlife,mp2rage-v1.5,docker://brainlife/fsl:5.0.9
app-fmriprep,brainlife,master,docker://nipreps/fmriprep:21.0.1
app-fmriprep,brainlife,master,docker://brainlife/dipy:1.4.1
app-fmriprep,brainlife,1.0,docker://poldracklab/fmriprep
app-fmriprep,brainlife,1.0.1,docker://poldracklab/fmriprep:1.2.6-1
app-fmriprep,brainlife,1.2,docker://poldracklab/fmriprep:1.5.1rc2
app-fmriprep,brainlife,1.3,docker://poldracklab/fmriprep:1.5.1rc2
app-fmriprep,brainlife,1.4,docker://poldracklab/fmriprep:1.5.1rc2
app-fmriprep,brainlife,1.5.5,docker://poldracklab/fmriprep:1.5.5
app-fmriprep,brainlife,1.5.6,docker://poldracklab/fmriprep:1.5.5
app-fmriprep,brainlife,1.5.6,docker://brainlife/freesurfer_on_mcr:6.0.0
app-fmriprep,brainlife,1.5.5,docker://brainlife/freesurfer_on_mcr:6.0.0
app-fmriprep,brainlife,1.5.10,docker://poldracklab/fmriprep:1.5.10
app-fmriprep,brainlife,1.5.10,docker://brainlife/freesurfer_on_mcr:6.0.0
app-fmriprep,brainlife,20.0.7,docker://poldracklab/fmriprep:20.0.7
app-fmriprep,brainlife,20.2.0,docker://poldracklab/fmriprep:20.2.0
app-fmriprep,brainlife,20.2.1-2,docker://poldracklab/fmriprep:20.2.1
app-fmriprep,brainlife,20.2.1,docker://poldracklab/fmriprep:20.2.1
app-fmriprep,brainlife,20.2.3-2,docker://poldracklab/fmriprep:20.2.3
app-fmriprep,brainlife,20.2.3-2,docker://brainlife/dipy:1.4.1
app-fmriprep,brainlife,20.2.3,docker://poldracklab/fmriprep:20.2.3
app-fmriprep,brainlife,21.0.1,docker://poldracklab/fmriprep:21.0.1
app-fmriprep,brainlife,21.0.1,docker://brainlife/dipy:1.4.1
app-fmriprep,brainlife,bids,docker://poldracklab/fmriprep:20.1.1
app-fmriprep,brainlife,bids,docker://brainlife/freesurfer_on_mcr:6.0.0
app-mrtrix3-preproc,brainlife,master,docker://brainlife/mrtrix3:3.0.2
app-mrtrix3-preproc,brainlife,1.0,docker://brainlife/mrtrix3:3.0_RC3
app-mrtrix3-preproc,brainlife,1.1,docker://brainlife/mrtrix3:3.0_RC3
app-mrtrix3-preproc,brainlife,1.2,docker://brainlife/mrtrix3:3.0_RC3
app-mrtrix3-preproc,brainlife,1.3,docker://brainlife/mrtrix3:3.0_RC3
app-mrtrix3-preproc,brainlife,1.4,docker://brainlife/mrtrix3:3.0_RC3
app-mrtrix3-preproc,brainlife,1.5,docker://brainlife/mrtrix3:3.0_RC3
app-mrtrix3-preproc,brainlife,1.6,docker://brainlife/mrtrix3:3.0_RC3
app-mrtrix3-preproc,brainlife,1.7,docker://brainlife/mrtrix3:3.0.2
app-mrtrix3-preproc,brainlife,1.8,docker://brainlife/mrtrix3:3.0.2
app-mrtrix3-preproc,brainlife,mask-fix,docker://brainlife/mrtrix3:3.0_RC3
app-mrtrix3-preproc,brainlife,mrtrix-official-container,docker://brainlife/mrtrix3:3.0.3
app-tractanalysisprofiles,brainlife,master,docker://brainlife/mcr:neurodebian1604-r2017a
app-tractanalysisprofiles,brainlife,1.2,docker://brainlife/mcr:neurodebian1604-r2017a
app-tractanalysisprofiles,brainlife,1.3,docker://brainlife/mcr:neurodebian1604-r2017a
app-tractanalysisprofiles,brainlife,1.4,docker://brainlife/mcr:neurodebian1604-r2017a
app-tractanalysisprofiles,brainlife,1.5,docker://brainlife/mcr:neurodebian1604-r2017a
app-tractanalysisprofiles,brainlife,1.6,docker://brainlife/mcr:neurodebian1604-r2017a
app-tractanalysisprofiles,brainlife,1.7,docker://brainlife/mcr:neurodebian1604-r2017a
app-tractanalysisprofiles,brainlife,1.8,docker://brainlife/mcr:neurodebian1604-r2017a
app-tractanalysisprofiles,brainlife,1.9,docker://brainlife/mcr:neurodebian1604-r2017a
app-tractanalysisprofiles,brainlife,1.10,docker://brainlife/mcr:neurodebian1604-r2017a
app-tractanalysisprofiles,brainlife,1.11,docker://brainlife/mcr:neurodebian1604-r2017a
app-tractanalysisprofiles,brainlife,1.11,docker://brainlife/freesurfer-stats:1.2
app-tractanalysisprofiles,brainlife,1.12,docker://brainlife/mcr:neurodebian1604-r2017a
app-tractanalysisprofiles,brainlife,1.12,docker://brainlife/freesurfer-stats:1.2
app-tractanalysisprofiles,brainlife,1.13,docker://brainlife/mcr:neurodebian1604-r2017a
app-tractanalysisprofiles,brainlife,1.13,docker://brainlife/freesurfer-stats:1.2
app-tractanalysisprofiles,brainlife,NODDI,docker://brainlife/mcr:neurodebian1604-r2017a
app-tractanalysisprofiles,brainlife,dipy-1.0,docker:/brainlife/pyafq:dev
app-tractanalysisprofiles,brainlife,latest,docker://brainlife/mcr:neurodebian1604-r2017a
app-tractanalysisprofiles,brainlife,test-cesar,docker://brainlife/mcr:neurodebian1604-r2017a
app-tractanalysisprofiles,brainlife,v1.1,docker://brainlife/mcr:neurodebian1604-r2017a
app-tractographyQualityCheck,brainlife,master,docker:/brainlife/mcr:r2019a
app-tractographyQualityCheck,brainlife,"1,0",docker:/brainlife/mcr:r2019a
app-tractographyQualityCheck,brainlife,1.1,docker:/brainlife/mcr:r2019a
app-tractographyQualityCheck,brainlife,1.2,docker:/brainlife/mcr:r2019a
app-tractographyQualityCheck,brainlife,1.3,docker:/brainlife/mcr:r2019a
app-tractographyQualityCheck,brainlife,1.4,docker:/brainlife/mcr:r2019a
app-tractographyQualityCheck,brainlife,regexFix,docker:/brainlife/mcr:r2019a
app-FSLBET,brainlife,master,docker:/brainlife/fsl:6.0.4
app-FSLBET,brainlife,1.1,docker:/brainlife/fsl:5.0.9
app-FSLBET,brainlife,2.0,docker:/brainlife/fsl:6.0.4
app-FSLBET,brainlife,dwi,docker:/brainlife/fsl:5.0.9
app-FSLBET,brainlife,t2,docker:/brainlife/fsl:5.0.9
app-wmaSeg,brainlife,master,docker://brainlife/freesurfer-mini:6.0.1
app-wmaSeg,brainlife,master,docker://brainlife/mcr:r2019a
app-wmaSeg,brainlife,master,docker://brainlife/pythonvtk:1.1
app-wmaSeg,brainlife,1.1,docker://brainlife/freesurfer:6.0.0
app-wmaSeg,brainlife,1.1,docker://brainlife/mcr:neurodebian1604-r2017a
app-wmaSeg,brainlife,1.2,docker://brainlife/freesurfer_on_mcr:6.0.2
app-wmaSeg,brainlife,1.2,docker://brainlife/mcr:neurodebian1604-r2017a
app-wmaSeg,brainlife,1.3,docker://brainlife/freesurfer:6.0.0
app-wmaSeg,brainlife,1.3,docker://brainlife/mcr:neurodebian1604-r2017a
app-wmaSeg,brainlife,1.4-retro,docker://brainlife/freesurfer:6.0.0
app-wmaSeg,brainlife,1.4-retro,docker://brainlife/mcr:neurodebian1604-r2017a
app-wmaSeg,brainlife,1.4,docker://brainlife/freesurfer_on_mcr:6.0.2
app-wmaSeg,brainlife,1.4,docker://brainlife/mcr:neurodebian1604-r2017a
app-wmaSeg,brainlife,1.5,docker://brainlife/freesurfer:6.0.0
app-wmaSeg,brainlife,1.5,docker://brainlife/mcr:neurodebian1604-r2017a
app-wmaSeg,brainlife,1.6,docker://brainlife/freesurfer:6.0.0
app-wmaSeg,brainlife,1.6,docker://brainlife/mcr:neurodebian1604-r2017a
app-wmaSeg,brainlife,1.7,docker://brainlife/freesurfer:6.0.0
app-wmaSeg,brainlife,1.7,docker://brainlife/mcr:neurodebian1604-r2017a
app-wmaSeg,brainlife,1.8,docker://brainlife/freesurfer:6.0.0
app-wmaSeg,brainlife,1.8,docker://brainlife/mcr:neurodebian1604-r2017a
app-wmaSeg,brainlife,1.9,docker://brainlife/freesurfer:6.0.0
app-wmaSeg,brainlife,1.9,docker://brainlife/mcr:neurodebian1604-r2017a
app-wmaSeg,brainlife,2.0,docker://brainlife/freesurfer:6.0.0
app-wmaSeg,brainlife,2.0,docker://brainlife/mcr:neurodebian1604-r2017a
app-wmaSeg,brainlife,2.0,docker://brainlife/pythonvtk:1.1
app-wmaSeg,brainlife,3.0,docker://brainlife/pythonvtk:1.1
app-wmaSeg,brainlife,3.0,docker://brainlife/mcr:neurodebian1604-r2017a
app-wmaSeg,brainlife,3.0,docker://brainlife/freesurfer_on_mcr:6.0.2
app-wmaSeg,brainlife,3.1,docker://brainlife/pythonvtk:1.1
app-wmaSeg,brainlife,3.1,docker://brainlife/mcr:neurodebian1604-r2017a
app-wmaSeg,brainlife,3.2,docker://brainlife/freesurfer_on_mcr:6.0.2
app-wmaSeg,brainlife,3.2,docker://brainlife/mcr:r2019a
app-wmaSeg,brainlife,3.2,docker://brainlife/pythonvtk:1.1
app-wmaSeg,brainlife,3.3,docker://brainlife/freesurfer_on_mcr:6.0.2
app-wmaSeg,brainlife,3.3,docker://brainlife/mcr:r2019a
app-wmaSeg,brainlife,3.3,docker://brainlife/pythonvtk:1.1
app-wmaSeg,brainlife,3.4,docker://brainlife/mcr:r2019a
app-wmaSeg,brainlife,3.4,docker://brainlife/pythonvtk:1.1
app-wmaSeg,brainlife,3.4,docker://brainlife/freesurfer:6.0.1
app-wmaSeg,brainlife,3.5,docker://brainlife/mcr:r2019a
app-wmaSeg,brainlife,3.5,docker://brainlife/pythonvtk:1.1
app-wmaSeg,brainlife,3.5,docker://brainlife/freesurfer-mini:6.0.1
app-wmaSeg,brainlife,3.6,docker://brainlife/mcr:r2019a
app-wmaSeg,brainlife,3.6,docker://brainlife/pythonvtk:1.1
app-wmaSeg,brainlife,3.6,docker://brainlife/freesurfer-mini:6.0.1
app-wmaSeg,brainlife,3.7,docker://brainlife/mcr:r2019a
app-wmaSeg,brainlife,3.7,docker://brainlife/pythonvtk:1.1
app-wmaSeg,brainlife,3.7,docker://brainlife/freesurfer-mini:6.0.1
app-wmaSeg,brainlife,3.8,docker://brainlife/mcr:r2019a
app-wmaSeg,brainlife,3.8,docker://brainlife/pythonvtk:1.1
app-wmaSeg,brainlife,3.8,docker://brainlife/freesurfer-mini:6.0.1
app-wmaSeg,brainlife,3.9,docker://brainlife/mcr:r2019a
app-wmaSeg,brainlife,3.9,docker://brainlife/pythonvtk:1.1
app-wmaSeg,brainlife,3.9,docker://brainlife/freesurfer-mini:6.0.1
app-mrtrix3-act,brainlife,master,docker://brainlife/mrtrix3:3.0.0
app-mrtrix3-act,brainlife,1.0,docker://brainlife/mrtrix3:3.0_RC3
app-mrtrix3-act,brainlife,1.1,docker://brainlife/mrtrix3:3.0_RC3
app-mrtrix3-act,brainlife,1.2,docker://brainlife/mrtrix3:3.0_RC3
app-mrtrix3-act,brainlife,1.3,docker://brainlife/mrtrix3:3.0_RC3
app-mrtrix3-act,brainlife,1.4,docker://brainlife/mrtrix3:3.0_RC3
app-mrtrix3-act,brainlife,grad_check,docker://brainlife/mrtrix3:3.0_RC3
app-mrtrix3-act,brainlife,mask-fix,docker://brainlife/mrtrix3:3.0_RC3
app-mrtrix3-act,brainlife,mask-patch,docker://brainlife/mrtrix3:3.0_RC3
app-roi2roitracking,brainlife,master,docker://brainlife/freesurfer-mini:6.0.1
app-roi2roitracking,brainlife,master,docker://brainlife/mrtrix3:3.0_RC3
app-roi2roitracking,brainlife,master,docker://brainlife/mrtrix:0.2.13
app-roi2roitracking,brainlife,master,docker://brainlife/mcr:r2019a
app-roi2roitracking,brainlife,1.0,docker://brainlife/pythonvtk:1.1
app-roi2roitracking,brainlife,1.0,docker://brainlife/freesurfer_on_mcr:6.0.2
app-roi2roitracking,brainlife,1.0,docker://brainlife/mrtrix_on_mcr:1.0
app-roi2roitracking,brainlife,1.1,docker://brainlife/pythonvtk:1.1
app-roi2roitracking,brainlife,1.1,docker://brainlife/freesurfer_on_mcr:6.0.2
app-roi2roitracking,brainlife,1.1,docker://brainlife/mrtrix_on_mcr:1.0
app-roi2roitracking,brainlife,1.2,docker://brainlife/pythonvtk:1.1
app-roi2roitracking,brainlife,1.2,docker://brainlife/freesurfer_on_mcr:6.0.2
app-roi2roitracking,brainlife,1.2,docker://brainlife/mrtrix_on_mcr:1.0
app-roi2roitracking,brainlife,1.2,docker://brainlife/mrtrix3:3.0_RC3
app-roi2roitracking,brainlife,1.3,docker://brainlife/pythonvtk:1.1
app-roi2roitracking,brainlife,1.3,docker://brainlife/freesurfer_on_mcr:6.0.2
app-roi2roitracking,brainlife,1.3,docker://brainlife/mrtrix_on_mcr:1.0
app-roi2roitracking,brainlife,1.3,docker://brainlife/mrtrix3:3.0_RC3
app-roi2roitracking,brainlife,1.4,docker://brainlife/mrtrix3:3.0_RC3
app-roi2roitracking,brainlife,1.4,docker://brainlife/mrtrix:0.2.13
app-roi2roitracking,brainlife,1.4,docker://brainlife/mcr:r2019a
app-roi2roitracking,brainlife,1.4,docker://brainlife/pythonvtk:1.1
app-roi2roitracking,brainlife,1.4,docker://brainlife/freesurfer-mini:6.0.1
app-roi2roitracking,brainlife,dirFix,docker://brainlife/mrtrix3:3.0_RC3
app-roi2roitracking,brainlife,dirFix,docker://brainlife/mrtrix:0.2.13
app-roi2roitracking,brainlife,dirFix,docker://brainlife/mcr:r2019a
app-roi2roitracking,brainlife,dirFix,docker://brainlife/pythonvtk:1.1
app-roi2roitracking,brainlife,dirFix,docker://brainlife/freesurfer-mini:6.0.1
app-roi2roitracking,brainlife,optic_radiation_eccentricity,docker://brainlife/freesurfer_on_mcr:6.0.2
app-roi2roitracking,brainlife,optic_radiation_eccentricity,docker://brainlife/mrtrix3:3.0_RC3
app-roi2roitracking,brainlife,optic_radiation_eccentricity,docker://brainlife/mrtrix_on_mcr:1.0
app-roi2roitracking,brainlife,optic_radiation_eccentricity,docker://brainlife/mcr:neurodebian1604-r201a
app-roi2roitracking,brainlife,optic_radiation_eccentricity,docker://brainlife/pythonvtk:1.1
app-roi2roitracking,brainlife,thora-combined-v1.0,docker://brainlife/freesurfer_on_mcr:6.0.2
app-roi2roitracking,brainlife,thora-combined-v1.0,docker://brainlife/mrtrix3:3.0_RC3
app-roi2roitracking,brainlife,thora-combined-v1.0,docker://brainlife/mrtrix_on_mcr:1.0
app-roi2roitracking,brainlife,thora-combined-v1.0,docker://brainlife/mcr:neurodebian1604-r201a
app-roi2roitracking,brainlife,thora-combined-v1.0,docker://brainlife/pythonvtk:1.1
app-roi2roitracking,brainlife,thora-combined-v1.0,docker://brainlife/fsl:latest
app-noddi-amico,brainlife,master,docker://brainlife/fsl:5.0.9
app-noddi-amico,brainlife,master,docker://python:3
app-noddi-amico,brainlife,master,docker://brainlife/amico:2.1b
app-noddi-amico,brainlife,master,docker://brainlife/mcr:neurodebian1604-r2017a
app-noddi-amico,brainlife,1.1,docker://brainlife/mcr:neurodebian1604-r2017a
app-noddi-amico,brainlife,1.1,docker://brainlife/fsl:5.0.9
app-noddi-amico,brainlife,1.1,docker://python:3
app-noddi-amico,brainlife,1.1,docker://brainlife/amico:1.1
app-noddi-amico,brainlife,1.2,docker://brainlife/amico:1.2
app-noddi-amico,brainlife,1.2,docker://brainlife/fsl:5.0.9
app-noddi-amico,brainlife,1.2,docker://python:3
app-noddi-amico,brainlife,1.2,docker://brainlife/mcr:neurodeiban1604-r2017a
app-noddi-amico,brainlife,1.3,docker://brainlife/fsl:5.0.9
app-noddi-amico,brainlife,1.3,docker://python:3
app-noddi-amico,brainlife,1.3,docker://brainlife/amico:2.1b
app-noddi-amico,brainlife,1.3,docker://brainlife/mcr:neurodebian1604-r2017a
app-noddi-amico,brainlife,dockerization,docker://brainlife/fsl:5.0.9
app-noddi-amico,brainlife,dockerization,docker://brainlife/amico:1.0
app-noddi-amico,brainlife,dockerization,docker://brainlife/mcr:neurodebian1604-r2017a
app-noddi-amico,brainlife,dtiinit-v1.0,docker://brainlife/mcr:neurodebian1604-r2017a
app-noddi-amico,brainlife,dtiinit-v1.0,docker://brainlife/fsl:5.0.9
app-noddi-amico,brainlife,dtiinit-v1.0,docker://python:3
app-noddi-amico,brainlife,dtiinit-v1.0,docker://brainlife/amico:1.1
app-noddi-amico,brainlife,non_dtiinit,docker://brainlife/mcr:neurodebian1604-r2017a
app-noddi-amico,brainlife,non_dtiinit,docker://brainlife/fsl:5.0.9
app-noddi-amico,brainlife,non_dtiinit,docker://brainlife/amico:1.1
app-noddi-amico,brainlife,original_code,docker://brainlife/amico:1.0
app-noddi-amico,brainlife,original_code,docker://brainlife/fsl:5.0.9
app-noddi-amico,brainlife,original_code,docker://brainlife/mcr:neurodebian1604-r2017a
app-noddi-amico,brainlife,v1.0,docker://brainlife/mcr:neurodebian1604-r2017a
app-noddi-amico,brainlife,v1.0,docker://brainlife/fsl:5.0.9
app-noddi-amico,brainlife,v1.0,docker://brainlife/amico:1.0
app-life,brainlife,master,docker://brainlife/mcr:r2019a
app-life,brainlife,1.1,docker://brainlife/life
app-life,brainlife,1.2,docker://brainlife/life
app-life,brainlife,1.3,docker://brainlife/mcr:neurodebian1604-r2017a
app-life,brainlife,1.4,docker://brainlife/mcr:neurodebian1604-r2017a
app-life,brainlife,1.5,docker://brainlife/mcr:neurodebian1604-r2017a
app-life,brainlife,1.6,docker://brainlife/mcr:neurodebian1604-r2017a
app-life,brainlife,1.7,docker://brainlife/mcr:neurodebian1604-r2017a
app-life,brainlife,1.8,docker://brainlife/mcr:neurodebian1604-r2017a
app-life,brainlife,1.9,docker://brainlife/mcr:neurodebian1604-r2017a
app-life,brainlife,1.10,docker://brainlife/mcr:r2019a
app-roiGenerator,brainlife,master,docker://brainlife/fsl:5.0.9
app-roiGenerator,brainlife,master,docker://brainlife/freesurfer:6.0.0
app-roiGenerator,brainlife,master,docker://brainlife/afni:16.3.0
app-roiGenerator,brainlife,1.0,docker://brainlife/freesurfer:6.0.0
app-roiGenerator,brainlife,1.0,docker://brainlife/afni:16.3.0
app-roiGenerator,brainlife,1.0,docker://brainlife/mcr:neurodebian1604-r2017a
app-roiGenerator,brainlife,eccentricity-parcellation-v1.0,docker://brainlife/freesurfer:6.0.0
app-roiGenerator,brainlife,eccentricity-parcellation-v1.0,docker://brainlife/afni:16.3.0
app-roiGenerator,brainlife,eccentricity-parcellation-v1.1,docker://brainlife/freesurfer:6.0.0
app-roiGenerator,brainlife,eccentricity-parcellation-v1.1,docker://brainlife/afni:16.3.0
app-roiGenerator,brainlife,eccentricity-parcellation-v1.2,docker://brainlife/freesurfer:6.0.0
app-roiGenerator,brainlife,eccentricity-parcellation-v1.2,docker://brainlife/afni:16.3.0
app-roiGenerator,brainlife,matlab,docker://brainlife/fsl:5.0.9
app-roiGenerator,brainlife,matlab,docker://brainlife/freesurfer:6.0.0
app-roiGenerator,brainlife,matlab,docker://brainlife/afni:16.3.0
app-roiGenerator,brainlife,matlab,docker://brainlife/mcr:neurodebian1604-r2017a
app-roiGenerator,brainlife,merge-dwi,docker://brainlife/fsl:5.0.9
app-roiGenerator,brainlife,merge-dwi,docker://brainlife/freesurfer:6.0.0
app-roiGenerator,brainlife,merge-dwi,docker://brainlife/afni:16.3.0
app-roiGenerator,brainlife,merge-dwi-v1.0,docker://brainlife/fsl:5.0.9
app-roiGenerator,brainlife,merge-dwi-v1.0,docker://brainlife/freesurfer:6.0.0
app-roiGenerator,brainlife,merge-dwi-v1.0,docker://brainlife/afni:16.3.0
app-roiGenerator,brainlife,merge-dwi-v1.1,docker://brainlife/fsl:5.0.9
app-roiGenerator,brainlife,merge-dwi-v1.1,docker://brainlife/freesurfer:6.0.0
app-roiGenerator,brainlife,merge-dwi-v1.1,docker://brainlife/afni:16.3.0
app-roiGenerator,brainlife,merge-dwi-v1.2,docker://brainlife/fsl:5.0.9
app-roiGenerator,brainlife,merge-dwi-v1.2,docker://brainlife/freesurfer:6.0.0
app-roiGenerator,brainlife,merge-dwi-v1.2,docker://brainlife/afni:16.3.0
app-roiGenerator,brainlife,merge-dwi-v1.3,docker://brainlife/fsl:5.0.9
app-roiGenerator,brainlife,merge-dwi-v1.3,docker://brainlife/freesurfer:6.0.0
app-roiGenerator,brainlife,merge-dwi-v1.3,docker://brainlife/afni:16.3.0
app-roiGenerator,brainlife,merge-dwi-v1.4-fa,docker://brainlife/fsl:5.0.9
app-roiGenerator,brainlife,merge-dwi-v1.4-fa,docker://brainlife/freesurfer:6.0.0
app-roiGenerator,brainlife,merge-dwi-v1.4-fa,docker://brainlife/afni:16.3.0
app-roiGenerator,brainlife,merge-dwi-v1.4-wm,docker://brainlife/fsl:5.0.9
app-roiGenerator,brainlife,merge-dwi-v1.4-wm,docker://brainlife/freesurfer:6.0.0
app-roiGenerator,brainlife,merge-dwi-v1.4-wm,docker://brainlife/afni:16.3.0
app-roiGenerator,brainlife,merge-fmri-v1.0,docker://brainlife/fsl:5.0.9
app-roiGenerator,brainlife,merge-fmri-v1.0,docker://brainlife/freesurfer:6.0.0
app-roiGenerator,brainlife,merge-fmri-v1.0,docker://brainlife/afni:16.3.0
app-roiGenerator,brainlife,merge-rois-v1.0,docker://brainlife/afni:16.3.0
app-roiGenerator,brainlife,merge-t1-v1.0,docker://brainlife/fsl:5.0.9
app-roiGenerator,brainlife,merge-t1-v1.0,docker://brainlife/freesurfer:6.0.0
app-roiGenerator,brainlife,merge-t1-v1.0,docker://brainlife/afni:16.3.0
app-roiGenerator,brainlife,merge-t1-v1.1,docker://brainlife/fsl:5.0.9
app-roiGenerator,brainlife,merge-t1-v1.1,docker://brainlife/freesurfer:6.0.0
app-roiGenerator,brainlife,merge-t1-v1.1,docker://brainlife/afni:16.3.0
app-roiGenerator,brainlife,no-reslice,docker://brainlife/fsl:5.0.9
app-roiGenerator,brainlife,no-reslice,docker://brainlife/freesurfer:6.0.0
app-roiGenerator,brainlife,no-reslice,docker://brainlife/afni:16.3.0
app-roiGenerator,brainlife,non_dtiinit_v1,docker://brainlife/fsl:5.0.9
app-roiGenerator,brainlife,non_dtiinit_v1,docker://brainlife/freesurfer:6.0.0
app-roiGenerator,brainlife,non_dtiinit_v1,docker://brainlife/afni:16.3.0
app-roiGenerator,brainlife,non_dtiinit_v1,docker://brainlife/mcr:neurodebian1604-r2017a
app-roiGenerator,brainlife,non_dtiinit_v1.1,docker://brainlife/fsl:5.0.9
app-roiGenerator,brainlife,non_dtiinit_v1.1,docker://brainlife/freesurfer:6.0.0
app-roiGenerator,brainlife,non_dtiinit_v1.1,docker://brainlife/afni:16.3.0
app-roiGenerator,brainlife,non_dtiinit_v1.1,docker://brainlife/mcr:neurodebian1604-r2017a
app-roiGenerator,brainlife,non_dtiinit,docker://brainlife/fsl:5.0.9
app-roiGenerator,brainlife,non_dtiinit,docker://brainlife/freesurfer:6.0.0
app-roiGenerator,brainlife,non_dtiinit,docker://brainlife/afni:16.3.0
app-roiGenerator,brainlife,non_dtiinit,docker://brainlife/mcr:neurodebian1604-r2017a
app-roiGenerator,brainlife,optic-radiation-eccentricity-v1.0,docker://brainlife/fsl:5.0.9
app-roiGenerator,brainlife,optic-radiation-eccentricity-v1.0,docker://brainlife/freesurfer:6.0.0
app-roiGenerator,brainlife,optic-radiation-eccentricity-v1.0,docker://brainlife/afni:16.3.0
app-roiGenerator,brainlife,optic-radiation-eccentricity-v1.0,docker://brainlife/connectome_workbench:1.4.2-freesurfer-update
app-roiGenerator,brainlife,optic-radiation-glasser-eccentricity-v1.0,docker://brainlife/fsl:5.0.9
app-roiGenerator,brainlife,optic-radiation-glasser-eccentricity-v1.0,docker://brainlife/freesurfer:6.0.0
app-roiGenerator,brainlife,optic-radiation-glasser-eccentricity-v1.0,docker://brainlife/afni:16.3.0
app-roiGenerator,brainlife,optic-radiation-glasser-eccentricity-v1.0,docker://brainlife/connectome_workbench:1.4.2-freesurfer-update
app-roiGenerator,brainlife,optic-radiation-glasser-v1.0,docker://brainlife/freesurfer:6.0.0
app-roiGenerator,brainlife,optic-radiation-glasser-v1.0,docker://brainlife/fsl:5.0.9
app-roiGenerator,brainlife,optic-radiation-glasser-v1.0,docker://brainlife/afni:16.3.0
app-roiGenerator,brainlife,optic-radiation-v1.0,docker://brainlife/freesurfer:6.0.0
app-roiGenerator,brainlife,optic-radiation-v1.0,docker://brainlife/fsl:5.0.9
app-roiGenerator,brainlife,optic-radiation-v1.0,docker://brainlife/afni:16.3.0
app-roiGenerator,brainlife,optic-radiation-v1.1,docker://brainlife/freesurfer:6.0.0
app-roiGenerator,brainlife,optic-radiation-v1.1,docker://brainlife/fsl:5.0.9
app-roiGenerator,brainlife,optic-radiation-v1.1,docker://brainlife/afni:16.3.0
app-roiGenerator,brainlife,optic-radiation-v1.2,docker://brainlife/freesurfer:6.0.0
app-roiGenerator,brainlife,optic-radiation-v1.2,docker://brainlife/fsl:5.0.9
app-roiGenerator,brainlife,optic-radiation-v1.2,docker://brainlife/afni:16.3.0
app-roiGenerator,brainlife,parcellation-generation-v1.0,docker://brainlife/afni:16.3.0
app-roiGenerator,brainlife,pre_merge,docker://brainlife/freesurfer:6.0.0
app-roiGenerator,brainlife,pre_merge,docker://brainlife/fsl:5.0.9
app-roiGenerator,brainlife,pre_merge,docker://brainlife/afni:16.3.0
app-roiGenerator,brainlife,subthalamic_test_branch,docker://brainlife/freesurfer:6.0.0
app-roiGenerator,brainlife,subthalamic_test_branch,docker://brainlife/fsl:5.0.9
app-roiGenerator,brainlife,subthalamic_test_branch,docker://brainlife/afni:16.3.0
app-roiGenerator,brainlife,subthalamic_test_branch,docker://brainlife/mcr:neurodebian1604-r2017a
app-roiGenerator,brainlife,subthalamic,docker://brainlife/freesurfer:6.0.0
app-roiGenerator,brainlife,subthalamic,docker://brainlife/fsl:5.0.9
app-roiGenerator,brainlife,subthalamic,docker://brainlife/afni:16.3.0
app-roiGenerator,brainlife,subthalamic,docker://brainlife/mcr:neurodebian1604-r2017a
app-roiGenerator,brainlife,visual-white-matter-dwi-v1.0,docker://brainlife/freesurfer:6.0.0
app-roiGenerator,brainlife,visual-white-matter-dwi-v1.0,docker://brainlife/fsl:5.0.9
app-roiGenerator,brainlife,visual-white-matter-dwi-v1.0,docker://brainlife/afni:16.3.0
app-roiGenerator,brainlife,visual-white-matter-dwi-v1.1,docker://brainlife/freesurfer:6.0.0
app-roiGenerator,brainlife,visual-white-matter-dwi-v1.1,docker://brainlife/fsl:5.0.9
app-roiGenerator,brainlife,visual-white-matter-dwi-v1.1,docker://brainlife/afni:16.3.0
app-roiGenerator,brainlife,visual-white-matter-eccentricity-dwi-v1.0,docker://brainlife/freesurfer:6.0.0
app-roiGenerator,brainlife,visual-white-matter-eccentricity-dwi-v1.0,docker://brainlife/fsl:5.0.9
app-roiGenerator,brainlife,visual-white-matter-eccentricity-dwi-v1.0,docker://brainlife/afni:16.3.0
app-roiGenerator,brainlife,visual-white-matter-eccentricity-dwi-v1.0,docker://brainlife/connectome_workbench:1.4.2-freesurfer-update
app-roiGenerator,brainlife,visual-white-matter-eccentricity-dwi-v1.1,docker://brainlife/freesurfer:6.0.0
app-roiGenerator,brainlife,visual-white-matter-eccentricity-dwi-v1.1,docker://brainlife/fsl:5.0.9
app-roiGenerator,brainlife,visual-white-matter-eccentricity-dwi-v1.1,docker://brainlife/afni:16.3.0
app-roiGenerator,brainlife,visual-white-matter-eccentricity-dwi-v1.1,docker://brainlife/connectome_workbench:1.4.2-freesurfer-update
app-roiGenerator,brainlife,visual-white-matter-eccentricity-fmri-v1.1,docker://brainlife/freesurfer:6.0.0
app-roiGenerator,brainlife,visual-white-matter-eccentricity-fmri-v1.1,docker://brainlife/fsl:5.0.9
app-roiGenerator,brainlife,visual-white-matter-eccentricity-fmri-v1.1,docker://brainlife/afni:16.3.0
app-roiGenerator,brainlife,visual-white-matter-eccentricity-fmri-v1.1,docker://brainlife/connectome_workbench:1.4.2-freesurfer-update
app-roiGenerator,brainlife,visual-white-matter-eccentricity-glasser-updated-surf-v1.0,docker://brainlife/freesurfer:6.0.0
app-roiGenerator,brainlife,visual-white-matter-eccentricity-glasser-updated-surf-v1.0,docker://brainlife/fsl:5.0.9
app-roiGenerator,brainlife,visual-white-matter-eccentricity-glasser-updated-surf-v1.0,docker://brainlife/afni:16.3.0
app-roiGenerator,brainlife,visual-white-matter-eccentricity-glasser-updated-surf-v1.0,docker://brainlife/connectome_workbench:1.4.2-freesurfer-update
app-roiGenerator,brainlife,visual-white-matter-eccentricity-glasser-v1.0,docker://brainlife/freesurfer:6.0.0
app-roiGenerator,brainlife,visual-white-matter-eccentricity-glasser-v1.0,docker://brainlife/fsl:5.0.9
app-roiGenerator,brainlife,visual-white-matter-eccentricity-glasser-v1.0,docker://brainlife/afni:16.3.0
app-roiGenerator,brainlife,visual-white-matter-eccentricity-glasser-v1.0,docker://brainlife/connectome_workbench:1.4.2-freesurfer-update
app-roiGenerator,brainlife,visual-white-matter-eccentricity-t1-v1.0,docker://brainlife/connectome_workbench:1.4.2-freesurfer-update
app-roiGenerator,brainlife,visual-white-matter-eccentricity-t1-v1.0,docker://brainlife/afni:16.3.0
app-roiGenerator,brainlife,visual-white-matter-eccentricity-t1-v1.0,docker://brainlife/freesurfer:6.0.0
app-roiGenerator,brainlife,visual-white-matter-eccentricity-t1-v1.1,docker://brainlife/connectome_workbench:1.4.2-freesurfer-update
app-roiGenerator,brainlife,visual-white-matter-eccentricity-t1-v1.1,docker://brainlife/afni:16.3.0
app-roiGenerator,brainlife,visual-white-matter-eccentricity-t1-v1.1,docker://brainlife/freesurfer:6.0.0
app-roiGenerator,brainlife,visual-white-matter-eccentricity-t1-v1.2,docker://brainlife/connectome_workbench:1.4.2-freesurfer-update
app-roiGenerator,brainlife,visual-white-matter-eccentricity-t1-v1.2,docker://brainlife/afni:16.3.0
app-roiGenerator,brainlife,visual-white-matter-eccentricity-t1-v1.2,docker://brainlife/freesurfer:6.0.0
app-roiGenerator,brainlife,visual-white-matter-eccentricity-glasser-dwi-v1.0,docker://brainlife/fsl:5.0.9
app-roiGenerator,brainlife,visual-white-matter-eccentricity-glasser-dwi-v1.0,docker://brainlife/freesurfer:6.0.0
app-roiGenerator,brainlife,visual-white-matter-eccentricity-glasser-dwi-v1.0,docker://brainlife/afni:16.3.0
app-roiGenerator,brainlife,visual-white-matter-t1space-v1.0,docker://brainlife/freesurfer:6.0.0
app-roiGenerator,brainlife,visual-white-matter-t1space-v1.0,docker://brainlife/afni:16.3.0
app-roiGenerator,brainlife,visual-white-matter-eccentricity-t1space-v1.1,docker://brainlife/freesurfer:6.0.0
app-roiGenerator,brainlife,visual-white-matter-eccentricity-t1space-v1.1,docker://brainlife/afni:16.3.0
HD-BET_app,anibalsolon,HD-BET_app,docker://anibalsolon/hd-bet:v0.0.1
app-mriqc,brainlife,master,docker://poldracklab/mriqc:0.15.1
app-mriqc,brainlife,0.14.2,docker://poldracklab/mriqc:0.14.2
app-mriqc,brainlife,1.0,docker://soichih/mriqc
app-networkmatrices,bcmcpher,master,docker://brainlife/mcr:neurodebian1604-r2017a
app-networkmatrices,bcmcpher,1.0,docker://brainlife/mcr:neurodebian1604-r2017a
app-slicer-fsl,brainlife,master,docker://brainlife/fsl:5.0.9
app-slicer-fsl,brainlife,5tt-v1.0.0,docker://brainlife/mrtrix3:3.0_RC3
app-slicer-fsl,brainlife,csd-t1-v1.0.0,docker://brainlife/fsl:5.0.9
app-slicer-fsl,brainlife,csd-t1-v1.0.0,docker://brainlife/fsleyes:1.0
app-slicer-fsl,brainlife,dwi-mask-overlay-v1.0.0,docker://brainlife/fsl:5.0.9
app-slicer-fsl,brainlife,dwi-t1-v1.0.0,docker://brainlife/fsl:5.0.9
app-slicer-fsl,brainlife,dwi-t1-v1.0.0,docker://brainlife/fsleyes:1.0
app-slicer-fsl,brainlife,fmri-t1-v1.0.0,docker://brainlife/fsl:5.0.9
app-slicer-fsl,brainlife,fmri-t1-v1.0.0,docker://brainlife/fsleyes:1.0
app-slicer-fsl,brainlife,master-app-v1.0.0,docker://brainlife/fsl:5.0.9
app-slicer-fsl,brainlife,montage-v1.0,docker://brainlife/fsl:5.0.9
app-slicer-fsl,brainlife,montage-v1.0,docker://dpokidov/imagemagick
app-slicer-fsl,brainlife,noddi-v1.0.0,docker://brainlife/fsl:5.0.9
app-slicer-fsl,brainlife,noddi-v1.0.1,docker://brainlife/fsl:5.0.9
app-slicer-fsl,brainlife,tensor-v1.0.0,docker://brainlife/fsl:5.0.9
app-mrtrix3-5tt,brainlife,master,docker://brainlife/mrtrix3:3.0_RC3
app-mrtrix3-5tt,brainlife,binarize,docker://brainlife/mrtrix3:3.0_RC3
app-mrtrix3-5tt,brainlife,binarize-v1.0,docker://brainlife/mrtrix3:3.0_RC3
dsi-studio-atk,frankyeh,master,docker://dsistudio/dsistudio:latest
app-removeTractOutliers,brainlife,master,docker://mcr:r2019a
app-removeTractOutliers,brainlife,1.2,docker://mcr:neurodebian1604-r2017a
app-removeTractOutliers,brainlife,1.3,docker://mcr:neurodebian1604-r2017a
app-removeTractOutliers,brainlife,1.4,docker://mcr:r2019a
dsi-studio-dwi2src,frankyeh,master,docker://dsistudio/dsistudio
app-LBspectrum_matlab,kitchell,master,docker://mcr:neurodebian1604-r2017a
app-LBspectrum_matlab,kitchell,singularity_evecs,docker://mcr:neurodebian1604-r2017a
app-LBspectrum_matlab,kitchell,singularity,docker://mcr:neurodebian1604-r2017a
app-fsl-anat,brainlife,master,docker://brainlife/fsl:5.0.11
app-fsl-anat,brainlife,1.0,docker://brainlife/fsl:5.0.11
app-fsl-anat,brainlife,mp2rage-v1.0,docker://brainlife/fsl:5.0.11
app-fsl-anat,brainlife,v1.0,docker://brainlife/fsl:5.0.11
app-classifiedfibertractstats,brainlife,master,docker://mcr:neurodebian1604-r2017a
app-classifiedfibertractstats,brainlife,1.1,docker://mcr:neurodebian1604-r2017a
app-classifiedfibertractstats,brainlife,singularity,docker://mcr:neurodebian1604-r2017a
app-peak-frequency,guiomar,master,docker://mne:0.23dev
app-tractseg,brainlife,master,docker://brainlife/tractseg:2.5
app-tractseg,brainlife,master,docker://brainlife/dipy:1.1.1
app-tractseg,brainlife,master,docker://brainlife/pythonvtk:1.1
app-tractseg,brainlife,master,docker://brainlife/mrtrix3:3.0.0
app-tractseg,brainlife,1.5.0,docker://brainlife/tractseg:1.5
app-tractseg,brainlife,1.6,docker://brainlife/tractseg:1.6
app-tractseg,brainlife,1.6.1,docker://brainlife/tractseg:1.6
app-tractseg,brainlife,1.6.2,docker://brainlife/tractseg:1.6
app-tractseg,brainlife,1.7,docker://brainlife/tractseg:1.7
app-tractseg,brainlife,1.7.1,docker://brainlife/tractseg:1.7.1
app-tractseg,brainlife,1.7.2,docker://brainlife/tractseg:1.7.1
app-tractseg,brainlife,1.7.3,docker://brainlife/tractseg:1.7.1
app-tractseg,brainlife,1.9,docker://brainlife/tractseg:1.9
app-tractseg,brainlife,1.9,docker://brainlife/pythonvtk:1.1
app-tractseg,brainlife,2.1.1-1,docker://brainlife/tractseg:2.1.1
app-tractseg,brainlife,2.1.1-1,docker://brainlife/dipy:1.1.1
app-tractseg,brainlife,2.1.1-1,docker://brainlife/pythonvtk:1.1
app-tractseg,brainlife,2.1.1-1,docker://brainlife/mrtrix3:3.0.0
app-tractseg,brainlife,2.1.1-2,docker://brainlife/tractseg:2.1.1
app-tractseg,brainlife,2.1.1-2,docker://brainlife/dipy:1.1.1
app-tractseg,brainlife,2.1.1-2,docker://brainlife/pythonvtk:1.1
app-tractseg,brainlife,2.1.1-2,docker://brainlife/mrtrix3:3.0.0
app-tractseg,brainlife,2.1.1,docker://brainlife/tractseg:2.1.1
app-tractseg,brainlife,2.1.1,docker://brainlife/dipy:1.1.1
app-tractseg,brainlife,2.1.1,docker://brainlife/pythonvtk:1.1
app-tractseg,brainlife,2.1.1,docker://brainlife/mrtrix3:3.0.0
app-tractseg,brainlife,2.2,docker://brainlife/tractseg:2.2
app-tractseg,brainlife,2.2,docker://brainlife/dipy:1.1.1
app-tractseg,brainlife,2.2,docker://brainlife/pythonvtk:1.1
app-tractseg,brainlife,2.2,docker://brainlife/mrtrix3:3.0.0
app-tractseg,brainlife,2.5,docker://brainlife/tractseg:2.5
app-tractseg,brainlife,2.5,docker://brainlife/dipy:1.1.1
app-tractseg,brainlife,2.5,docker://brainlife/pythonvtk:1.1
app-tractseg,brainlife,2.5,docker://brainlife/mrtrix3:3.0.0
app-skullStrip,vnbcs,main,docker://vnbcs/afni_for_bl:1.2
app-skullStrip,vnbcs,1.0,docker://vnbcs/afni_for_bl:1.2
app-cortex-tissue-mapping-stats,brainlife,master,docker://brainlife/connectome_workbench:1.4.2b
app-cortex-tissue-mapping-stats,brainlife,master,docker://brainlife/freesurfer:7.2.0
app-cortex-tissue-mapping-stats,brainlife,master,docker://brainlife/freesurfer-stats:1.2
app-cortex-tissue-mapping-stats,brainlife,benson14-prf-eccentricity-stats,docker://brainlife/connectome_workbench:1.5.0
app-cortex-tissue-mapping-stats,brainlife,benson14-prf-eccentricity-stats,docker://brainlife/freesurfer:7.2.0
app-cortex-tissue-mapping-stats,brainlife,benson14-prf-eccentricity-stats,docker://brainlife/freesurfer-stats:1.2
app-cortex-tissue-mapping-stats,brainlife,endpoints-v1.0,docker://brainlife/connectome_workbench:1.4.2b
app-cortex-tissue-mapping-stats,brainlife,endpoints-v1.0,docker://brainlife/freesurfer:7.2.0
app-cortex-tissue-mapping-stats,brainlife,endpoints-v1.0,docker://brainlife/freesurfer-stats:1.2
app-cortex-tissue-mapping-stats,brainlife,endpoints-v1.1,docker://brainlife/connectome_workbench:1.4.2b
app-cortex-tissue-mapping-stats,brainlife,endpoints-v1.1,docker://brainlife/freesurfer:7.2.0
app-cortex-tissue-mapping-stats,brainlife,endpoints-v1.1,docker://brainlife/freesurfer-stats:1.2
app-cortex-tissue-mapping-stats,brainlife,gmd-v1.0,docker://brainlife/freesurfer-stats:1.2
app-cortex-tissue-mapping-stats,brainlife,gmd-v1.0,docker://brainlife/connectome_workbench:1.4.2b
app-cortex-tissue-mapping-stats,brainlife,no_samp_std,docker://brainlife/freesurfer-stats:1.2
app-cortex-tissue-mapping-stats,brainlife,no_samp_std,docker://brainlife/connectome_workbench:1.4.2b
app-cortex-tissue-mapping-stats,brainlife,rois-v1.0,docker://brainlife/freesurfer:7.0.0
app-cortex-tissue-mapping-stats,brainlife,rois-v1.0,docker://brainlife/connectome_workbench:1.4.2b
app-cortex-tissue-mapping-stats,brainlife,rois-v1.0,docker://brainlife/freesurfer-stats:1.2
app-cortex-tissue-mapping-stats,brainlife,updated-surface-dtype-v1.0,docker://brainlife/freesurfer-stats:1.2
app-cortex-tissue-mapping-stats,brainlife,updated-surface-dtype-v1.0,docker://brainlife/connectome_workbench:1.4.2b
app-cortex-tissue-mapping-stats,brainlife,updated-surface-dtype-v1.1,docker://brainlife/freesurfer-stats:1.2
app-cortex-tissue-mapping-stats,brainlife,updated-surface-dtype-v1.1,docker://brainlife/connectome_workbench:1.4.2b
app-cortex-tissue-mapping-stats,brainlife,updated-surface-dtype-v1.2,docker://brainlife/connectome_workbench:1.4.2b
app-cortex-tissue-mapping-stats,brainlife,updated-surface-dtype-v1.2,docker://brainlife/freesurfer:7.2.0
app-cortex-tissue-mapping-stats,brainlife,updated-surface-dtype-v1.2,docker://brainlife/freesurfer-stats:1.2
app-cortex-tissue-mapping-stats,brainlife,v1.0,docker://brainlife/freesurfer-stats:1.2
app-cortex-tissue-mapping-stats,brainlife,v1.0,docker://brainlife/connectome_workbench:1.4.2b
app-cortex-tissue-mapping-stats,brainlife,v1.1,docker://brainlife/freesurfer-stats:1.2
app-cortex-tissue-mapping-stats,brainlife,v1.1,docker://brainlife/connectome_workbench:1.4.2b
app-cortex-tissue-mapping-stats,brainlife,v1.2,docker://brainlife/freesurfer-stats:1.2
app-cortex-tissue-mapping-stats,brainlife,v1.2,docker://brainlife/connectome_workbench:1.4.2b
app-cortex-tissue-mapping-stats,brainlife,v1.3,docker://brainlife/connectome_workbench:1.4.2b
app-cortex-tissue-mapping-stats,brainlife,v1.3,docker://brainlife/freesurfer:7.2.0
app-cortex-tissue-mapping-stats,brainlife,v1.3,docker://brainlife/freesurfer-stats:1.2
app-ensembletracking,brainlife,master,docker://brainlife/freesurfer:6.0.0
app-ensembletracking,brainlife,master,docker://brainlife/fsl:5.0.9
app-ensembletracking,brainlife,master,docker://brainlife/mrtrix:0.2.12
app-ensembletracking,brainlife,1.1,docker://brainlife/freesurfer:6.0.0
app-ensembletracking,brainlife,1.1,docker://brainlife/fsl:5.0.9
app-ensembletracking,brainlife,1.1,docker://brainlife/mrtrix_on_mcr:1.0
app-ensembletracking,brainlife,v1.2,docker://brainlife/freesurfer:6.0.0
app-ensembletracking,brainlife,v1.2,docker://brainlife/fsl:5.0.9
app-ensembletracking,brainlife,v1.2,docker://brainlife/mrtrix:0.2.12
app-ensembletracking,brainlife,v1.3,docker://brainlife/freesurfer:6.0.0
app-ensembletracking,brainlife,v1.3,docker://brainlife/fsl:5.0.9
app-ensembletracking,brainlife,v1.3,docker://brainlife/mrtrix:0.2.12
app-ensembletracking,brainlife,v1.4,docker://brainlife/freesurfer:6.0.0
app-ensembletracking,brainlife,v1.4,docker://brainlife/fsl:5.0.9
app-ensembletracking,brainlife,v1.4,docker://brainlife/mrtrix:0.2.12
app-ensembletracking,brainlife,v1.5,docker://brainlife/freesurfer:6.0.0
app-ensembletracking,brainlife,v1.5,docker://brainlife/fsl:5.0.9
app-ensembletracking,brainlife,v1.5,docker://brainlife/mrtrix:0.2.12
app-ensembletracking,brainlife,singularity,docker://brainlife/ensembletracking
app-ensembletracking,brainlife,singularity,docker://brainlife/freesurfer:6.0.0
app-sift2-connectome-generation,brainlife,master,docker://brainlife/dipy:1.4.0
app-sift2-connectome-generation,brainlife,master,docker://brainlife/mrtrix3:3.0.3
app-sift2-connectome-generation,brainlife,nosift2_v1.0_centers,docker://brainlife/mrtrix3:3.0.2
app-sift2-connectome-generation,brainlife,nosift2_v1.0,docker://brainlife/mrtrix3:3.0_RC3
app-sift2-connectome-generation,brainlife,nosift2_v1.1_centers,docker://brainlife/mrtrix3:3.0.2
app-sift2-connectome-generation,brainlife,nosift2_v1.2_centers_netneuro,docker://brainlife/dipy:1.4.0
app-sift2-connectome-generation,brainlife,nosift2_v1.2_centers_netneuro,docker://brainlife/mrtrix3:3.0.3
app-sift2-connectome-generation,brainlife,nosift2_v1.2_centers_netneuro,docker://brainlife/pythonvtk:1.1
app-sift2-connectome-generation,brainlife,nosift2_v1.2_centers_netneuro,docker://filsilva/cxnetwork:0.2.0
app-sift2-connectome-generation,brainlife,nosift2_v1.2_centers,docker://brainlife/mrtrix3:3.0.2
app-sift2-connectome-generation,brainlife,nosift2_v1.3_centers_netneuro,docker://brainlife/mrtrix3:3.0.2
app-sift2-connectome-generation,brainlife,nosift2_v1.3_centers_netneuro,docker://brainlife/dipy:1.4.0
app-sift2-connectome-generation,brainlife,nosift2_v1.3_centers_netneuro,docker://brainlife/pythonvtk:1.1
app-sift2-connectome-generation,brainlife,nosift2_v1.3_centers_netneuro,docker://brainlife/filsilva/cxnetwork:0.2.0
app-sift2-connectome-generation,brainlife,nosift-input-labels-weights-v1.0,docker://brainlife/dipy:1.4.0
app-sift2-connectome-generation,brainlife,nosift-input-labels-weights-v1.0,docker://brainlife/mrtrix3:3.0.3
app-sift2-connectome-generation,brainlife,sift2_v1.0_centers,docker://brainlife/mrtrix3:3.0.2
app-sift2-connectome-generation,brainlife,sift2_v1.0,docker://brainlife/mrtrix3:3.0_RC3
app-sift2-connectome-generation,brainlife,sift2_v1.1_centers,docker://brainlife/mrtrix3:3.0.3
app-sift2-connectome-generation,brainlife,sift2_v1.2_centers_netneuro,docker://brainlife/mrtrix3:3.0.3
app-sift2-connectome-generation,brainlife,sift2_v1.2_centers_netneuro,docker://brainlife/dipy:1.4.0
app-sift2-connectome-generation,brainlife,sift2_v1.2_centers_netneuro,docker://brainlife/pythonvtk:1.1
app-sift2-connectome-generation,brainlife,sift2_v1.3_centers_netneuro,docker://brainlife/mrtrix3:3.0.3
app-sift2-connectome-generation,brainlife,sift2_v1.3_centers_netneuro,docker://brainlife/dipy:1.4.0
app-sift2-connectome-generation,brainlife,sift2_v1.3_centers_netneuro,docker://brainlife/pythonvtk:1.1
app-endpointMapGeneration,brainlife,master,docker://brainlife/freesurfer_on_mcr:6.0.0
app-endpointMapGeneration,brainlife,master,docker://brainlife/mcr:neurodebian1604-r2017a
app-endpointMapGeneration,brainlife,1.0,docker://brainlife/freesurfer_on_mcr:6.0.0
app-endpointMapGeneration,brainlife,1.0,docker://brainlife/mcr:neurodebian1604-r2017a
app-acpcART,brainlife,master,docker://brainlife/fsl:5.0.9
app-networkneuro,brainlife,master,docker://brainlife/freesurfer-mini:6.0.1
app-networkneuro,brainlife,master,docker://brainlife/mcr:r2019a
app-networkneuro,brainlife,master,docker://brainlife/pythonvtk:1.1
app-networkneuro,brainlife,1.0,docker://brainlife/freesurfer:6.0.0
app-networkneuro,brainlife,1.0,docker://brainlife/mcr:neurodebian1604-r2017a
app-networkneuro,brainlife,1.2,docker://brainlife/freesurfer:6.0.0
app-networkneuro,brainlife,1.2,docker://brainlife/mcr:neurodebian1604-r2017a
app-networkneuro,brainlife,1.2,docker://brainlife/docker-pythonvtk
app-networkneuro,brainlife,1.3,docker://brainlife/freesurfer:6.0.0
app-networkneuro,brainlife,1.3,docker://brainlife/mcr:neurodebian1604-r2017a
app-networkneuro,brainlife,1.3,docker://brainlife/pythonvtk:1.1
app-pynets,brainlife,master,docker://dpys/pynets
app-pynets,brainlife,v2.7,docker://dpys/pynets
app-dtiinit,brainlife,master,docker://mcr:neurodebian1604-r2017a
app-dtiinit,brainlife,1.0,docker://mcr:neurodebian1604-r2017a
app-dtiinit,brainlife,1.1,docker://mcr:neurodebian1604-r2017a
app-dtiinit,brainlife,1.2,docker://mcr:neurodebian1604-r2017a
app-dtiinit,brainlife,1.3,docker://mcr:neurodebian1604-r2017a
app-dtiinit,brainlife,1.4,docker://mcr:neurodebian1604-r2017a
app-dtiinit,brainlife,1.5,docker://mcr:neurodebian1604-r2017a
app-dtiinit,brainlife,1.6,docker://mcr:neurodebian1604-r2017a
app-AFQclean,brainlife,master,docker://mcr:r2019a
app-AFQclean,brainlife,1.1,docker://mcr:neurodebian1604-r2017a
app-AFQclean,brainlife,1.2,docker://mcr:neurodebian1604-r2017a
app-AFQclean,brainlife,1.3,docker://mcr:neurodebian1604-r2017a
app-AFQclean,brainlife,1.4,docker://mcr:r2019a
bl-conmat2network,filipinascimento,master,docker://filsilva/cxnetwork:0.2.0
bl-conmat2network,filipinascimento,0.2,docker://filsilva/cxnetwork:0.2.0
app-nobrainer,brainlifer,master,docker://neuronets/kwyk:version-0.4-gpu
app-crop_reorient,brainlifer,master,docker://brainlife/fsl:6.0.4-patched
app-crop_reorient,brainlifer,1.0,docker://brainlife/fsl:5.0.9
app-crop_reorient,brainlifer,2.0,docker://brainlife/fsl:6.0.4-patched
app-generatetractsurfaces,kitchell,master,docker://brainlife/pythonvtk:1.1
app-generatetractsurfaces,kitchell,singularity,docker://brainlife/pythonvtk
app-generatetractsurfaces,kitchell,v3.0,docker://brainlife/pythonvtk:1.1
app-network-matrices-2-mat,brainlife,master,docker://faskowit/app-fmri-2-mat
app-network-matrices-2-mat,brainlife,v1.0.0,docker://faskowit/app-fmri-2-mat
app-peak-amplitude,guiomar,main,docker://brainlife/mne:0.23dev
app-datanormalize,brainlife,master,docker://brainlife/mcr:neurodebian1604-r2017a
app-datanormalize,brainlife,1.1,docker://brainlife/mcr:neurodebian1604-r2017a
app-datanormalize,brainlife,singularity,docker://brainlife/mcr:neurodebian1604-r2017a
app-qsiprep,brainlife,master,docker://pennbbl/qsiprep:0.14.2
app-qsiprep,brainlife,0.6.4,docker://pennbbl/qsiprep:0.6.4
app-qsiprep,brainlife,0.13.0RC1-1,docker://pennbbl/qsiprep:0.13.0RC1
app-qsiprep,brainlife,0.13.0RC1,docker://pennbbl/qsiprep:0.13.0RC1
app-qsiprep,brainlife,0.14.2-1,docker://pennbbl/qsiprep:0.14.2
app-qsiprep,brainlife,0.14.2,docker://pennbbl/qsiprep:0.14.2
app-qsiprep,brainlife,0.14.3,docker://pennbbl/qsiprep:0.14.3
app-qsiprep,brainlife,0.15.1,docker://pennbbl/qsiprep:0.15.1
app-qsiprep,brainlife,0.15.3,docker://pennbbl/qsiprep:0.15.3
app-compile-macro-micro-tract-stats,brainlife,v1.0,docker://brainlife/freesurfer-stats:1.2
app-compile-macro-micro-tract-stats,brainlife,v1.1,docker://brainlife/freesurfer-stats:1.2
app-fmri-2-mat,faskowit,master,docker://faskowit/app-fmri-2-mat
app-fmri-2-mat,faskowit,0.0.1,docker://faskowit/app-fmri-2-mat
app-fmri-2-mat,faskowit,0.0.2,docker://faskowit/app-fmri-2-mat
app-fmri-2-mat,faskowit,0.0.3,docker://faskowit/app-fmri-2-mat
app-fmri-2-mat,faskowit,0.0.4,docker://faskowit/app-fmri-2-mat
app-fmri-2-mat,faskowit,0.1.0,docker://faskowit/app-fmri-2-mat
app-fmri-2-mat,faskowit,0.1.1,docker://faskowit/app-fmri-2-mat
app-fmri-2-mat,faskowit,0.1.2,docker://faskowit/app-fmri-2-mat
app-fmri-2-mat,faskowit,0.1.3,docker://faskowit/app-fmri-2-mat
app-fmri-2-mat,faskowit,0.1.5,docker://faskowit/app-fmri-2-mat:branch-0.1.5
app-fmri-2-mat,faskowit,0.1.6,docker://faskowit/app-fmri-2-mat:branch-0.1.6
app-subj2reference,brainlife,master,docker://brainlife/ants:2.2.0.1
app-mrtrix3-roi2roi-tracking,brainlife,master,docker://brainlife/freesurfer-mini:6.0.1
app-mrtrix3-roi2roi-tracking,brainlife,master,docker://brainlife/mrtrix3:3.0.0
app-mrtrix3-roi2roi-tracking,brainlife,master,docker://brainlife/mcr:neurodebian1604-r2017a
app-mrtrix3-roi2roi-tracking,brainlife,optic-tract-v1.0,docker://brainlife/mcr:neurodebian1604-r2017a
app-mrtrix3-roi2roi-tracking,brainlife,optic-tract-v1.0,docker://brainlife/mrtrix3:3.0.0
app-mrtrix3-roi2roi-tracking,brainlife,optic-tract-v1.1,docker://brainlife/mcr:neurodebian1604-r2017a
app-mrtrix3-roi2roi-tracking,brainlife,optic-tract-v1.1,docker://brainlife/mrtrix3:3.0.0
app-mrtrix3-roi2roi-tracking,brainlife,thora-v1.0,docker://brainlife/mcr:neurodebian1604-r2017a
app-mrtrix3-roi2roi-tracking,brainlife,thora-v1.0,docker://brainlife/mrtrix3:3.0.0
app-mrtrix3-roi2roi-tracking,brainlife,v1.0,docker://brainlife/freesurfer-mini:6.0.1
app-mrtrix3-roi2roi-tracking,brainlife,v1.0,docker://brainlife/mrtrix3:3.0.0
app-mrtrix3-roi2roi-tracking,brainlife,v1.0,docker://brainlife/mcr:neurodebian1604-r2017a
app-mrtrix3-roi2roi-tracking,brainlife,v1.0,docker://brainlife/pythonvtk:1.1
app-cortex-tissue-mapping,brainlife,master,docker://brainlife/fsl:5.0.9
app-cortex-tissue-mapping,brainlife,master,docker://brainlife/connectome_workbench:1.4.2b
app-cortex-tissue-mapping,brainlife,average-template-generation-v1.0,docker://brainlife/connectome_workbench:1.4.2b
app-cortex-tissue-mapping,brainlife,average-template-generation-v1.1,docker://brainlife/connectome_workbench:1.4.2b
app-cortex-tissue-mapping,brainlife,convert-surface-datatype,docker://brainlife/fsl:5.0.9
app-cortex-tissue-mapping,brainlife,create-cortexmap-datatype-v1.0,docker://brainlife/connectome_workbench:1.5.0
app-cortex-tissue-mapping,brainlife,endpoints-v1.0,docker://brainlife/connectome_workbench:1.5.0
app-cortex-tissue-mapping,brainlife,gmd-v1.0,docker://brainlife/fsl:5.0.9
app-cortex-tissue-mapping,brainlife,gmd-v1.0,docker://brainlife/mrtrix3:3.0.0
app-cortex-tissue-mapping,brainlife,gmd-v1.0,docker://brainlife/connectome_workbench:1.4.2b
app-cortex-tissue-mapping,brainlife,gmd-v1.1,docker://brainlife/fsl:5.0.9
app-cortex-tissue-mapping,brainlife,gmd-v1.1,docker://brainlife/mrtrix3:3.0.0
app-cortex-tissue-mapping,brainlife,gmd-v1.1,docker://brainlife/connectome_workbench:1.5.0
app-cortex-tissue-mapping,brainlife,parc-average-template-generation,docker://brainlife/connectome_workbench:1.4.2b
app-cortex-tissue-mapping,brainlife,qmri-v1.0-nosnr,docker://brainlife/connectome_workbench:1.4.2b
app-cortex-tissue-mapping,brainlife,qmri-v1.0,docker://brainlife/connectome_workbench:1.4.2b
app-cortex-tissue-mapping,brainlife,qmri-v1.0,docker://brainlife/fsl:5.0.9
app-cortex-tissue-mapping,brainlife,qmri-v1.1-nosnr,docker://brainlife/connectome_workbench:1.5.0
app-cortex-tissue-mapping,brainlife,qmri-v1.1,docker://brainlife/connectome_workbench:1.5.0
app-cortex-tissue-mapping,brainlife,qmri-v1.1,docker://brainlife/fsl:5.0.9
app-cortex-tissue-mapping,brainlife,resample-parcellation-v1.0,docker://brainlife/connectome_workbench:1.4.2b
app-cortex-tissue-mapping,brainlife,resample-v1.0,docker://brainlife/connectome_workbench:1.4.2b
app-cortex-tissue-mapping,brainlife,t1-t2-ratio-v1.0-nosnr,docker://brainlife/connectome_workbench:1.4.2b
app-cortex-tissue-mapping,brainlife,t1-t2-ratio-v1.0,docker://brainlife/connectome_workbench:1.4.2b
app-cortex-tissue-mapping,brainlife,t1-t2-ratio-v1.0,docker://brainlife/fsl:5.0.9
app-cortex-tissue-mapping,brainlife,t1-t2-ratio-v1.1-nosnr,docker://brainlife/connectome_workbench:1.5.0
app-cortex-tissue-mapping,brainlife,t1-t2-ratio-v1.1,docker://brainlife/connectome_workbench:1.5.0
app-cortex-tissue-mapping,brainlife,t1-t2-ratio-v1.1,docker://brainlife/fsl:5.0.9
app-cortex-tissue-mapping,brainlife,v1.0,docker://brainlife/connectome_workbench
app-cortex-tissue-mapping,brainlife,v1.0,docker://brainlife/freesurfer_on_mcr:6.0.0
app-cortex-tissue-mapping,brainlife,v1.0,docker://brainlife/fsl:5.0.9
app-cortex-tissue-mapping,brainlife,v1.1,docker://brainlife/fsl:5.0.9
app-cortex-tissue-mapping,brainlife,v1.1,docker://brainlife/connectome_workbench:1.4.2b
app-cortex-tissue-mapping,brainlife,v1.2-nosnr,docker://brainlife/fsl:5.0.9
app-cortex-tissue-mapping,brainlife,v1.2-nosnr,docker://brainlife/connectome_workbench:1.4.2b
app-cortex-tissue-mapping,brainlife,v1.2-snr-input,docker://brainlife/fsl:5.0.9
app-cortex-tissue-mapping,brainlife,v1.2-snr-input,docker://brainlife/connectome_workbench:1.4.2b
app-cortex-tissue-mapping,brainlife,v1.2,docker://brainlife/fsl:5.0.9
app-cortex-tissue-mapping,brainlife,v1.2,docker://brainlife/connectome_workbench:1.4.2b
app-cortex-tissue-mapping,brainlife,v1.3-nosnr,docker://brainlife/fsl:5.0.9
app-cortex-tissue-mapping,brainlife,v1.3-nosnr,docker://brainlife/connectome_workbench:1.5.0
